review_text,rating,author_name,timestamp
Clean room,10,Patricia,2025-10-07
"The room was full of black mold, the ac was inoperable, absolutely unacceptable",2,Michael,2025-10-03
"Staff is pretty nice but the hotel
Is old and could use an update . The carpet was disgusting . I wouldn‚Äôt book this hotel again .",6,Craig,2025-10-02
"The hotel is showing its age , needs updating.
We waited for a cart to carry our luggage to the room  30 minutes , the check in girl from the front desk had to go hunt for one !",6,Deborah,2025-09-29
,8,Virgilio,2025-09-26
,8,Joshua,2025-09-24
"Condition of room was not good - leak out of toilet, the sliding bedroom door wouldn't close because the 'pull' handle structure actually pulled out of door (problem because I had early meeting and family trying to sleep), and dripping tub faucet.  I'd stayed here several years ago and it was ok but now appears degraded. ",4,Brad,2025-09-23
Family friendly and good breakfast choices. ,8,Yvette,2025-09-23
"The thermostat didn't work.  The room was freezing.  It was very dark and seemed very small compared to other Embassy Suite rooms we've stayed in.  They didn't input our Hilton Honors number and we had to do all kinds of work arounds to get wifi.  They said our room was near a door, but that door didn't unlock from the outside.  The reception was disappointing.  Few chairs and tables, very meager food offered.",4,Deborrah,2025-09-22
"I've been going there for nearly 20 years, but it has been several years since I've stayed there. It used to be very nice, but they've really let it go. 
It needs a complete remodel, especially in the room.
",6,Jeremiah,2025-09-22
Property is clean,8,Kenneth,2025-09-20
,8,Kathryn,2025-09-17
"Staff in front desk is extremely nice. Room furnitures are dated, shower water pressure is low so flowing water sort of slow",6,Ming,2025-09-17
Always like the Happy Hours they offer,10,Mark R,2025-09-15
"Our room didn‚Äôt smell good, maybe",6,Samantha,2025-09-15
,10,Chris,2025-09-13
Top notch,10,Jason N Lupe,2025-09-13
"Quick and easy check in. Friendly staff, very clean rooms",10,Cassondra,2025-09-13
,4,Aksana,2025-09-12
"The staff was friendly and excellent at their job. The hotel was very clean. The only issue was that it is very rundown. My room was like staying inside of a thrift store. All the furniture is extremely worn and stained. All the walls have marks and chips and even splatters on them. The ceiling in the bathroom has a rust spots on it. The wallpaper is peeling. Actual hole in the carpet. The outside landscaping is neglected, broken boards on surrounds. The fire lane curb hasn‚Äôt been scraped or painted in many years. All these issues just show there has been no money put into this hotel and it needs to be remodeled in its entirety. I did like the mattress and I slept very good in the bed.",10,Klinton,2025-09-09
,6,Garren,2025-09-08
Everything was great! ,10,Becky,2025-09-05
Est√° muy viejo ,8,Yordis,2025-09-04
"i liked that beds were comfy , room layout and the service provided by the staff,
The property is in ,need of remodeling or cleaning or something better...
 to start with  the bad ,  sofa  in the loby was felty ,, so are the carpeting ,  the building is neglected , paint peeling off , some parts you can see the frame , some of the wood damaged by termites , broken window eand door and window frame weathered , the grounds looked unatended for months , doog poop and fencing around the a/c units  damaged , in the room the fridge was frozen solid, had to clean up the ice in order to use it , under the fridge was nasty , one of the drawer fell off as i was pulling it , it was fix with silicone and glue 
everithing was dated except the  TVs , lost of silicone used in the bathroom , the courtain rod support almost falling off ,  the bottom line the rating should be 2.5 stars 
rather then 3.5  , 
the good things i can  mantion the  beds were comfy and clean , could use some new bedding , i liked the tvs
that was the only thing looking good or updated in the room,  the breakfast was a nice touch, but thats not enough, to earn those stars  posted , sorry i didn't mantion one day did not have water for 7 hours ,  ",6,PETRE,2025-09-03
Breakfast options ,10,Robin,2025-09-03
"The room was inexpensive and easy to book on Hotel.com.  So, my expectations were tempered, as yours should be.  The guests above me were banging around until almost midnight and I had to be up at 6AM.  Call to the desk was ineffectual.  The toilet had a phantom flush, also not good for restful sleep.  I could not get the AC to stop blowing freezing air, so I turned it off.  The TVs are not smart (no mirroring) and had the old timey cable choices with no Guide.  When I checked in, I was not asked for my Hilton number so the internet would not have been free.  I went to the desk and remedied that.  The rear parking lot was sketch.  There were unsavory characters cutting through from the adjacent area.  I found the last parking spot in front.

On the bright side, the breakfast was plentiful and decent.  Even had an omelet bar and fountain coke products (yay!) 

Would I do it again?  Maybe.  I was only there to sleep in anticipation of hiking Mt. Humphreys the next morning - which I did.  ",6,Joel,2025-09-02
"On check in, they stated Orbitz was declined for an unknown reason. The clerk said they would contact Orbitz to get the payment cleared. In the meantime, they placed a hold on my card. During check out, a new clerk said they NEVER do that and it was all on us, and they were charging us on my card given to them. They REFUSED to provide any type of receipt of the transactions and were overall rude about how they handled business. 

I will never go to this hotel again solely on their lack of consistency. ",2,Jeremy,2025-09-01
,8,Sandra,2025-08-31
Told us we had room decide by side then didn't get it even close,6,Evan,2025-08-30
The staff was extremely friendly and accommodating. I was in town for a medical procedure and they were able to check me in a little early so I could get some rest. The room was very nice and well laid out! ,10,Neva,2025-08-27
"When we checked in, the toilet in the room was flooding all the way out towards the room and carpet. We had to request a different room. The new room was very dirty, the sofas were ripped, the carpet area felt like the floor underneath had big bubbles, and as we stepped in certain areas, it would sink in. Overall, dirty, and kept, therefore it created for a very uncomfortable and horrible experience. We do not recommend this place at all.  ",4,Elin,2025-08-23
,8,Verified traveler,2025-08-22
Breakfast was good too. We enjoyed our stay. ,10,Cyndi,2025-08-20
,10,Chris,2025-08-18
,6,Shannon,2025-08-16
"it was okay 
Our coffee pot did not work 
multiple attempts at replacing never happened 
our bathroom sink was plugged and we reported it the only thing they did was remove the drain opener and left it on our sink  very unsightly 
there was a mixup at front desk with the room we paid for and was not given to us 
I would not stay here again 
",6,Ruth,2025-08-15
,10,Thomas,2025-08-13
Nice hotel,6,Tim,2025-08-11
,6,Adrianna,2025-08-11
,4,Daniel,2025-08-11
,10,Joseph,2025-08-10
The staff here were friendly and helpful. The hotel is not in good condition. It was ok for one night but I wouldn‚Äôt go back for a long stay.,6,Sarah,2025-08-10
"The hotel needs a serious update. Furniture and furnishings old and dirty, some broken. Doors stick....odd odors in the hallways. It's just not what it used to be. The only thing that made it,  at least okay,  was the staff who are doing their jobs despite what they have ro work with.",6,Dara,2025-08-09
"There was no microwave in the room! That‚Äôs a problem, we couldn‚Äôt reheat any food.",6,Kathy,2025-08-08
,10,Richard J,2025-08-07
"The carpet was old, the chair in living room was dirty",4,rafael,2025-08-07
,6,Verified traveler,2025-08-05
"This Embassy Suites is definitely an older model.  It was comfortable and clean but you can tell it needs a major facelift.  For some reason, there is a towel in the bathroom vent and there is a rip in the sofa.  We came here to work and it served its purpose.  Also, the price was indicative of the age.  ",6,John,2025-08-04
"Looks like this property is on its last legs. No hand soap in the entire hotel. Room was filthy. Hair from previous guest all over the bathroom, sofa had stains and holes in it, carpet by sofa was damp and looked like it hadn't been vacuumed in days. Thermostat didn't actually adjust anything, only turned A/C on or off, so it either ran constantly or not at all. Staff was nice, but kinda checked out. ",2,Mitchell,2025-08-04
"Liked that a two bedroom, two bath suite was available for a family of 6. 

Beds were comfy. Kids loved the pool and the breakfast!!

",8,Kimberley,2025-08-03
It‚Äôs a bit dated and needs upgrades. Recommend a deep clean of carpets and furniture.,6,Verified traveler,2025-08-01
,10,LORENZO,2025-07-29
,4,JOSE,2025-07-28
Embassy Suites is a favorite hotel of ours. The location was great.,10,Gary,2025-07-27
,10,Ciera,2025-07-27
,8,Bart,2025-07-24
,6,Verified traveler,2025-07-22
My family and I were very disappointed with the room.  It was very dirty.  From the stained furniture to the filthy carpet.  The smell in the room was very unpleasant.  We had to keep the air blasting to cover up the odor.  The bathroom had very evident mold on the ceiling.  It was black.  The only positive was that the bedding was clean.  We were all uncomfortable the entire time due to the unsanitary conditions.  Thankfully we only stayed one night.  The restaurant had a broken window on the outside with glass all over the ground and grassy area.  It appeared that it had been left like that for some time.  It is a hazard and danger for a child/dog.  The pool area looked very unkept and dirty.  The jacuzzi was discolored.  The electrical box outside the pool was broken and hanging open.  That cannot be safe.  They really need to clean up the property.  My husband called front desk and complained about the condition of the room and they told us that we could leave and go somewhere else if we didn‚Äôt like it.  We really should have but we were too tired and just decided to stick it out for the night.  We left first thing in the morning. I do not recommend.  It was not cheap to stay at this hotel either.  I can guarantee a motel on the side of the road would be cleaner and half the price.  I do not recommend this property.  ,2,Shiva,2025-07-21
It was one of the dirtiest embassy suites properties I have ever been to ,2,Cynthia,2025-07-20
Convenient location close to NAU and historic downtown. ,10,Olga,2025-07-19
,10,Brenda,2025-07-16
"There was a leak in my bathroom, room needs to be upgraded. AC unit was not working properly.",2,Nicole,2025-07-11
,10,Wilfredo,2025-07-09
"First of all, I want to start off with the hotels.com lied about the hotel with their pretty little pictures and I don't appreciate that. I really do hope that they stop that and be honest. Let's better up this world than rather making it continuesly worst, starting with honesty please and thank you. 
But about the room was quite small , which was a given four hundred and fifty square feet. To be honest with the price that I paid.And the way it seemed to me or at least what hotels.com was trying to lay out to me.It seemed like it was a little much bigger suite and that's what I was hoping for. It was little disappointing. But I can honestly say that I do regret not browsing around for another hotel. Perhaps I got a little too excited on this one because believing hotels.com",6,Navani,2025-07-08
,8,Jennifer,2025-07-08
Always enjoy embassy suites for the spacious rooms.,6,Kathy,2025-07-08
"Room was not clean at all. Cheerios on the side of the bed and when we pulled out the sofa bed. Bed was the worst bed I‚Äôve ever had in a hotel. Every footstep of the people above us shook the room and every word from neighbors on either side was clearly heard. A/c unit was outdated and ran non stop, provided great white noise but at volume 100.  ",4,Ashley,2025-07-05
,2,Patricia,2025-07-04
,6,Tisha,2025-07-02
Cooked to order now only applies to omelets.Waffles and pancakes are prepackaged. Night manager deal is stale snacks. We stayed June 29-July 1 and the breakfast cook was very rude. What a bad experience and a disappointment.The rooms in the small cove was extra loud when the next room started slamming door at midnight,4,sharon,2025-07-01
"I like the access into the building through additional side doors, that way if I need to park farther in the back I dont have to lug all my stuff around front. Very convenient. I was able to walk to dinner with many options.",10,Zoe,2025-07-01
"Hotel was extremely old.  We typically stay at Embassy Suits and were ok paying more.  The staff was polite but the building was extremely old and pool was very dirty.  The room had carpet peeling, torn furniture and dirty walls. 

Save your money and don‚Äôt stay here",2,Josh,2025-06-30
,10,Annette,2025-06-30
,8,Charles,2025-06-28
"Definitely a place my family and i will come visit again. We left some stuff in our room after we checked out. Luckily, the hotel was able to find anything we left and had it waiting for us at the front desk",10,Robbie,2025-06-28
,2,Imelda,2025-06-28
"Various maybe small things, but very noticeable. Microwave plate missing. Room cleaning inconsistent. Wastebaskets had no bag insert, maid left very large plastic bag for trash one day. Water very slow to warm up in shower. Carpet possibly unclean, since white socks became dirty.  Breakfast: generally OK but often missing some items for a time. A/C seemed to never cool below 71degrees.

Good: nice large TV in 2nd room of suite, beds comfortable.

Would likely not stay at this location again.",6,Ronald,2025-06-27
"The hot tub was good. It was difficult to get into and out of the hot tub. The step is too deep and too high for elderly person who can not make large step up or down to get into the hot tub. 
There was not enough waste baskets in the room. There was only one near the bathroom.
The shower faucet was not mounted properly. It moved when you tried to use it.
Staff was nice and accommodating.
We were expecting couch in the room but we a lounge chair for my grandson to sleep on.",8,Victoria,2025-06-26
"The room was not up to expected standards.  Insufficient privacy, broken door, faulty lighting.  We had to transfer to another room.",6,BARBARA,2025-06-26
"It was ok. Lots of little things such as a hole at bottom of bathroom door, the shower faucet shot out of the tub! ",6,Steven,2025-06-25
,10,Daniella,2025-06-23
,8,craig,2025-06-22
,8,James,2025-06-19
"The property was very dirty , sofas all stained with lots of things , breakfast was the worst ever. The cook didn't even know how to do egg whites , all burned eggs and the other staff attitude was not the best. Definitely worst experienced from Embassy I expected a lot more. ",2,Alba,2025-06-16
,10,Miguel,2025-06-16
,8,Dean,2025-06-10
"Our AC wasn‚Äôt working and the maintenance went into our room while we were away, even though the ‚Äúdo not disturb‚Äù sign was on the door. It gave us a scare when we got back to our room and the vent cage was down and a ladder was in our room. It would have been nice to be given the heads up. The pool was also murky and the jacuzzi water was lukewarm. We normally love staying at Embassy but this one left a bad taste in our mouths. ",6,Sydney,2025-06-09
You would think an embassy suite hotel would be nice.  This place was pathetic. It needs major renovations. And it was so dirty. The only things good were the omelettes & coffee. ,2,Cheryl,2025-06-08
,10,David,2025-06-06
"Like how big the room was, but it was a bit old.  Wall Paper was coming off wall
",6,Dolores E,2025-06-03
The hotel is dated and not the usual Embassy Suites quality representation.,6,jeff,2025-06-01
,8,Kiona,2025-05-30
Room didn't get cleaned. No towels. Leaking water in tub/shower.  Toilet ran constantly ,4,John,2025-05-29
"The hotel is not clean, dirty carpets, small bathroom..",6,ravikumar,2025-05-29
,10,Grace,2025-05-27
"We enjoyed our stay, and were looking forward to spending time at the pool. However, there were no pool towels and clerk at the front desk could only give us 3 towels for our party of 5. Said housekeeping staff was limited and couldn‚Äôt keep up with the demand for laundry service, therefore there was a shortage of towels. We did not use the pool for lack of towels. ",8,Nicholas,2025-05-27
It was very run down and in terrible condition. It shouldn‚Äôt be an Embassy Suites ,2,Patricia,2025-05-25
,8,Pauletta,2025-05-24
,10,Stacey Jo,2025-05-23
"Friendly staff, complimentary drinks, free breakfast, and very clean. My go-to hotel when I am staying in Flagstaff.",10,Zoe,2025-05-12
,8,Robert,2025-05-03
"Pros:
Convient to get to. 
Breakfast was fantastic, we loved the build your own omelette. 
The bed & pillows were comfortable.
The front desk girl who checked us in was very sweet.

Cons:
Hotel doesn't seem to get deep cleaned. The sofas in the lobby had a bunch of stains. None of the corners in the hotel looked clean, it was a little gross. 
The microwave in our room had a big burned stain in the back of it which made us not want to use it.
Their TVs were having issues during our stay.
The sofa & sofa bed were VERY uncomfortable. 
The hotel ""security"" kicked two of my family members out of the hot tub shortly after 8pm staring that the ""hot tub closed at 8pm"" even though the sign right next to it said it was open until 10pm. When we asked about it he just said ""too bad. Its posted somewhere else that it closes at 8pm"". Fix your signs if that is the case. 
The parking lot was small in front so youll need to drive around to look for a spot to park.

For how much they charged us for our room this stay could have been a lot better than it was.",6,Verified traveler,2025-04-28
HERMOSO LUGAR ,10,Ana Luisa,2025-04-25
nice location,10,Changjian,2025-04-22
,10,dharmindra,2025-04-21
,6,Julia,2025-04-14
We will never stay there again!! The couches were so dirty and stained I wouldn‚Äôt sit on them. The shower handle fell off and the water flooded the whole bathroom. The pool was so dirty and cold you couldn‚Äôt get in it. I complained a i got was a parking pass payment returned üò°,2,vanessa,2025-04-11
,10,Isabel,2025-04-11
,4,Timothy,2025-04-07
"Breakfast was the best thing! Manger came out to greet you during breakfast. They had made to order food, so many choices. 

Room could use updating. Carpet was gross. Not enough towels at beginning of stay only 2 bath towels and we had 6 people in the room. 
One of the tvs didn‚Äôt work and the fridge was gross 
",6,Jennifer,2025-04-06
Excellent!,10,Loretta,2025-04-03
"The room did not seem very clean - dirt in the corners of the bathroom - the remote was under the bed - there was no soap at the bathroom sink.
The heat / air was VERY loud
However, the bed was comfortable.",6,Anita,2025-04-03
"Room doen not fit family of 5. Bathroom too small, door almost hit toilet. Furniture not clean , sofa, chair, window  cracked, ",4,ali,2025-04-02
The property is very convent. It close to everything. The negative is it is very dated. It is in need of a major face lift. Hilton evidently bought Embassy suites so they will probably give the over haul it needs.,10,Dale,2025-04-01
"Our heat in room would only go above 62. Room was filthy, under construction,  and mold in bathroom and living rooms ceiling. DO NOT RECOMMEND!",2,kim,2025-03-31
Great staff! Especially the morning shift person. Room was great! Definitely will stay here again. ,10,Emily,2025-03-29
,8,Laura,2025-03-29
"The furniture in the room was extermly worn and dated, the pull out sofa had a very thin mattress.  The wall paper in the bathroom was peeling away from the wall.  The treadmill in the exercise room was missing the heart rate sensor handle and the belt made a screaching noise.   
On the possitive side, the front desk staff and the bar tender were freindly and helpful.",4,Greg,2025-03-26
Great hoteland good reception ,10,GRACE,2025-03-25
The location and rate are the two main reasons we selected this hotel.,10,Jinping,2025-03-24
,6,Jesus,2025-03-22
,2,RUBEN,2025-03-21
"Furniture in room was worn down and deteriorating. Carpet wasn‚Äôt clean and had crumbs/dirt in corners. Art was missing from the wall, and you could see the hanging apparatus still on the wall. Pool and hot tub were very sub-par. Only good thing was the included breakfast buffet.

",4,Verified traveler,2025-03-21
Little dated. But fir the most part it was nice enough ,8,Natasha,2025-03-19
We stay in Flagstaff a lot while traveling to Ca.   This Hotel is old.  First time staying here.   We changed our Hotel on the way home to NM to La Quinta.  Was not worth the money ,4,DEBBIE,2025-03-19
Free drinks and breakfast,10,Paz,2025-03-19
"I went during spring break in 2024.  It was very busy in the evenings and morning for breakfast.  Also there was snow in the area so a lot of people went up for the snow.  My kids had the most fun playing in the snow in front of the hotel, they were out there for more than an hour each day we were there.   

 I feel like the room could use an upgrade.  I know its a hotel and sees a lot of people so I get it will get beat up a bit.  They have the nightly managers receiption in the bar.  Willie the bartender was great, but I wish they had more lightning in there.  The snacks they put out get cleaned out in less than 15 mins of the opening.   

They charge $11 per day to park there which is sort of an odd money grab.  There is a gas station across the street if you want to save a dollar or two on snacks.  There are also restaurants in walking distance of the hotel  Bun Huggers has great burgers, but is a bit pricey.  In all, I would say its a good value with the breakfast and drinks in the evening. The staff are attentative as well. ",6,Daniel,2025-03-18
"The property was nice but very unimpressive 




",4,Jessica,2025-03-18
,6,Martin,2025-03-17
Great place for families with a decent breakfast.  On the Main Street in flagstaff so it was a little noisy. Rooms are small but clean,8,Elba,2025-03-17
" Very old facility, heating not enough, space for breakfast tight.",6,Xianbing,2025-03-11
Clean nice and welcoming ,8,Alyssa,2025-03-08
,10,Cole,2025-03-05
Pague 4 camas me dieron 2,4,Yohana Caribay,2025-03-02
Perfect space to spend time with grandkids.  We had room to play games in living space to relax and enjoy after a day of exploring and shopping.,10,Jennifer,2025-02-25
,6,Michelle,2025-02-22
,2,Elizabeth,2025-02-22
,10,John,2025-02-22
The beds were horrible!!! They had dips in them. Barely got any sleep.,2,Michael,2025-02-21
,10,Thomas,2025-02-21
"I liked that there were different doors to get inside besides the main entrance, so I could bring my stuff in closer to where my room was located. Also, I liked that those doors were only accessible with your key card. Friendly staff ",10,Zoe,2025-02-18
"Well I reported last night . Had to use our towels to clear water from shower as the are was flooded. Did advise the staff and came back to my room and they cleaned, but left NO TOWELS . Explained that the shower leaks, he said he would get maintenance and never did, Mold in shower. Felt like the staff didn‚Äôt care. Well some of them. Breakfast people were unprepared and unpleasant. ",6,Fritz,2025-02-18
,10,Claudia,2025-02-15
"I enjoy the complementary free drink during happy hour great complementary breakfast. The place is a bit dated in its interior design, and there was some leftover food in our fridge which I didn‚Äôt really want to see - other than that It was a great stay,
 but their TVs do not have any streaming services like Netflix",10,Juan Gabriel,2025-02-14
Really Confortable and easy to get in,10,CRISTALAUTO,2025-02-11
"So I rarely do reviews, the hallways were filthy doors were out of order the ice machine out of order, my room had stains on the walls , trash bags out in hallway for a while day, breakfast was good, but I feel like this place could be good with some tlc",4,Amanda,2025-02-10
We wish we could have swam in an indoor swimming pool.,10,Misty,2025-02-09
,4,Keever,2025-02-03
,2,Tony,2025-02-02
This is not a reflection of the property but a reflection on Expedia. We purchased the travel insurance. My wife is having chest pains and we cancel the day we were to arrive at the hotel due to this and have been denied reimbursement! Its unacceptable and a shame that Expedia cares so little for their customers. ,2,Jason,2025-02-01
,10,Nancy,2025-01-26
"Friendly service, clean room, got bonus suite unexpectedly!",10,Shia,2025-01-22
,10,Jon,2025-01-19
,10,GLORIA,2025-01-18
,8,Sherman,2025-01-18
,6,Julianne,2025-01-13
"Very neat and quiet, breakfast was awesome, made to order omelette! everything we needed to take care off, were all nearby. Thank you. ",10,Berta,2025-01-12
Everyone very pleasant and clean,10,Amy,2025-01-09
"When I arrived at the time I was supposed to check in I had to wait 3 hours in the reception area because my room was not ready, when I finally got the room with 2 beds 2 rooms, the armchairs in the living room were so dirty that it was disgusting to sit, the bed sheets with yellow stains, the walls of the shower dirty. The time they give you for the included breakfast is so short that people are crowded and you have nowhere to sit.",2,Karen,2025-01-07
,10,Kevin,2025-01-05
excellent breakfast ,10,Nadia,2025-01-05
"Excelente experiencia. De forma general, todos los servicios fueron muy buenos y atentos.",10,Maikel,2025-01-04
,6,Verified traveler,2025-01-03
,4,Kimberly,2025-01-03
Muy buena opci√≥n familiar ,10,Alexia,2025-01-03
"First of all, I do want to note that the staff was friendly and kind and were doing the best they could. The facilities definitely need some renovation as the overall experience was much less than what I expect from an Embassy Suites. They ran out of towels, the fridge didn't work, the heating system would keep blowing hot air even when it shouldn't, etc. There were several issues that made for it to be an experience that was below my expectations, especially for the price point. The breakfast was solid, however, there was not enough seating to serve the guests.  ",4,Danielle,2025-01-02
"The hotel is ok the room is kind of outdated with an old carpet that was smelly on top of that the room service didnt clean the bathroom during a 3 night stay and didn't replace dirty towels, we have to go and ask the room service once we were back for the clean ones",6,Cecilio,2024-12-31
"The carpet is old/dirrty/ripped. The mattress is old/sunk in the middle. Housekeeping doesn‚Äôt clean for the second day stay! Took out the dirty towels but not replace them! We have to go to front desk to ask for towels/toilet paper etc. We reported the light not working as soon as we arrived, was told that it‚Äôs too late to have a new bulb, but the next night it‚Äôs still not replaced!!! ",4,Caroline,2024-12-30
,8,Jaime,2024-12-27
I thought rooms were renovated based on the pictures. I did not feel comfortable. Priced too high for an old dated hotel. Couch fabric was torn. ,4,Charisse,2024-12-27
It fits my needs ,10,martha,2024-12-24
,4,Zehrakhanu,2024-12-23
,2,Erica,2024-12-22
.,4,Cuyler,2024-12-22
,6,Eliseo Roberto,2024-12-21
Breakfast is excellent.,8,Jaime,2024-12-21
,10,Windy,2024-12-20
"It was terrible, way over priced for how run down and dirty it looked, the furniture was old and falling apart, fabric was dirty looking & torn, and the beds were hard. Slept terrible it was noisy with the loud traffic going by outside and every time a person in the room next to us used there bathroom it was so loud it sounded like construction going on next door. 
Worst stay I‚Äôve had anywhere, especially for how over priced it was! It should have been Motel 6 price. 
Very disappointed!  ",2,Jennifer,2024-12-18
,10,Kelli,2024-12-17
,4,marleny,2024-12-16
"The property was okay and in a good location but outside the trash cans were full the entire weekend, never picked up for 3 days! 

The hotel is on the older side which we don‚Äôt mind but it was dirty! 


The room carpet and furniture wasn‚Äôt clean especially the bathroom! I had to disinfect everything and clean! I was too embarrassed to ask to be moved. 
The price was okay but on the expensive side which should be because they don‚Äôt seem to take well care of the hotel. 

The other issue we experienced was the elevator not working and when we asked the front desk the lady said ‚Äúoh yeah that is normal. Sometimes our elevator stops working and it needs to be reset but we have stairs‚Äù. 
I stood there with my hands full of bags and my kids‚Ä¶. I literally had to ask her ‚Äúso will it get fixed‚Äù? And she hesitated to respond so I just said: ‚Äúcan you please call someone‚Äù? I have two kids and grocery bags and we‚Äôre on the 3 floor so we can‚Äôt do the stairs. She finally said yes and it hit fixed in about 30 mins. But serious okay I had to ask her?! Wow 

The only thing nice was again the location and the fact that they give you two complimentary drinks to 2 adults if checked in with the exception of the day you checks out. 

",4,Verified traveler,2024-12-11
,8,Brad,2024-12-09
"The staff was very nice, but that is where it ended.  The grounds were cluttered with trash.  The common areas of the hotel were filthy, trash cans over flowing, dirty carpets.  Our room, the furniture was stained, frayed and worn out.  The floors were dirty, the tile in the bathroom was grimy.  Very disappointing for the amount we paid.  Also, the hotel does do ‚Äòcash‚Äô transactions, but refused to accept cash for their little store.  There was no sign that it was cashless. Unacceptable to not accept legal tender for goods.  Will not be staying here again.",2,Dorothey,2024-12-03
"The propert and room were in disrepair. Dirty room, broken furniture, no soap in room, hot watwr at bathroom sink wouldnt turn off among general dirtiness. There was a randok aock from previous guest still on the floor indocating itbhad not been vacuumed or cleaned before oir arrival. Toiler seat was broken. Chair at deak was broken  and my 79 year old mom almost hurt herself sitting down when it collapsed underneath her. Will never stay there again or recommend this hotel.",2,Kim,2024-11-30
Lots of kids. Went for a peaceful getaway but wasn't what I expected ,8,Stephanie,2024-11-27
,10,amanda,2024-11-27
üëç,8,Crystal,2024-11-27
,6,Maxim,2024-11-26
A quick one night trip. Convenient location! ,8,Verified traveler,2024-11-26
Great service ,10,Tina,2024-11-25
,10,Allenson,2024-11-24
"Very convenient location, decent value. The furnishings could use some updates ",8,Stephen,2024-11-23
,8,Samantha,2024-11-19
,10,Rachel,2024-11-17
Wonderful stay. Definitely recommended if you want make flagstaff as your base when exploring Grand Canyon,8,Suraj,2024-11-13
good property.,8,Sanjay,2024-11-12
It was decent as we were passing through. We did find dirty socks in our room,6,Leonard,2024-11-12
,8,Robert,2024-11-11
The room has a separate bedroom and 2 sinks which is very convenient for people of 5. Thank you. ,8,Ping,2024-11-08
"This property is nothing what you would expect from Embassy Suites! It‚Äôs dirty, rundown and very much in need of remodel. I have no problem with old hotels, but dirty is a different story. Finger prints on windows, stains in bed and very dirty fraying carpet with dust build up in corners. Stay away!! Embassy Suites (Hilton) needs to do better! ",2,Michelle,2024-11-07
Property was ok. Little noisy. Shower jel for body wash was empty.,10,Pankaj,2024-11-04
The room was not very clean. The bathroom had hair on the floor and in the tub upon check in. We were very busy or I would have requested a new room or cleaning. The air conditioner ran constantly and we could not get it to turn off nor get the heat on. We were freezing and had to sleep in jackets. ,6,Shannon,2024-11-03
.,10,Kenneth,2024-10-23
Check in was late as they were short staffed. Room cleanliness was very sub par. No liners in any of the trash cans or anything. Beds are too firm and uncomfortable. ,6,Matthew,2024-10-20
.,6,Maria,2024-10-16
"Terrible stay. The room was poorly lit. The floor was incredibly dirty. To the point it made the bottom of my shoes black. It took over 10 min before the water would even turn warm. Almost 20 min before it was hot. Lots of noise from other customers. Over all it has made me realize that staying in any hotel is just not worth it anymore. For the price and all other inconveniences, its just not worth it.",4,Donna,2024-10-15
Rips in furniture and bugs in tub. Staff said they were do for renovations next month. Still should have been at least clean. Staff was amazing though,6,Jason,2024-10-14
There was a kinda shady other hotel near by. ,6,Jessica,2024-10-14
"The stay was one of the worst. We arrived to check in at 4 and were told rooms were not ready. Soon the lobby filled up with others in the same boat and we all waited over an hour to get checked in. No apologies nothing offered. They only gave us one key because they were out. The room smelled of mildew. I woke up in the morning with weird bumps on my neck. The body wash in the shower was empty. For breakfast nearly every ketchup bottle was empty. This hotel seemed to be out of everything. I made my concerns known in the morning when I checked out and she didn‚Äôt seem to care just made excuses, no apologies. I asked if she could offer a discount and she said no.",2,Rebekah,2024-10-14
The floor does not look good.,6,Michiya,2024-10-12
Terrible‚Ä¶very very disappointed ,2,Monique,2024-10-11
Love the proximity to downtown and NAU,8,Alana,2024-10-09
"When we walked into the room many things were awry, to include the sofa bed not being put together (the cushions were dirty and piled on the other side of the room.  Someone‚Äôs left overs were still in the refrigerator, the lampshade was completely crooked and the bathroom ceiling had black mold spots on it. My husband proceeded to clean all of the surfaces with bleach wipes and I do not believe that room has been cleaned frequently.  The following night we found out why the bathroom has black mold:  At about 11:40 p.m. we heard rushing water coming from the bathroom.  Water was pouring out of the light fixture of the bathroom ceiling, soaking the room.  When we called guest services they apologized for the inconvenience and brought us extra towels so we could clean it up.  We cut our stay there a day short and when we checked out I  once again informed the front desk about the bathroom flooding/mold/etc and cleanliness of the room.  She was dismissive, and didn‚Äôt seem interested in our account of what happened.  Needless to say, we will not be visiting this location anymore for further visits.  No offer was made for us to change rooms or even be compensated for our inconvenience, apart from giving us a couple of bottles of water and two bags of chips.  For something with the Hilton name behind it, it was beyond disappointing.",2,Crystal,2024-10-09
"I‚Äôve stayed in countless Embassy Suites and this is the worst. Can‚Äôt believe it‚Äôs in the chain or tied to Hilton. Cracks in ceiling and lots of active mold growing in bathroom and living room ceiling (all pictured to post elsewhere). Carpet was worn out and dirty, couches looked like second hand store furniture, stains on cushions, and tears on arms. Also, milk was sour at breakfast to the point several other guests were warning people as they were getting their breakfast. A man came out and looked at it from the kitchen but I didn‚Äôt see him change anything. Overall just a tired and worn out property that shouldn‚Äôt be compared to other Embassy Suites. I would never stay here again, and if this was my only experience with the brand, I‚Äôd never try a different one.",2,Gabriel,2024-10-09
"Property is old and staff uninterested in helping. Check in took close to an hour late in the evening with small children as they could not find the Expedia reservation‚Äîwhich Expedia was emailing me to confirm daily including during that time. I think they oversold and were simply scrambling, but when I book a room for my large family, I expect to have that, not be split into two random rooms in an arrangement that does not work for us. Staff member repeatedly left the check in process to take phone calls, etc. Parking lots were dark and felt unsafe at night, particularly around the rear of the building.",2,John,2024-10-08
,4,Beth,2024-10-02
"Dirty, bathroom mold, torn furniture,  missing curtains, stain on carpet.",4,Anna,2024-09-29
"The breakfast was limited options. No bacon or muffins. The check in was slow. There was no one to greet me and when the staff came back, they did not acknowledge me and had a discussion with a co-worker. The hotel in general seemed unkept. Will not return, lots of other options for the same price or less. ",6,Anita,2024-09-27
Sheets had tears and bathroom wasn‚Äôt very clean ,6,Marianne,2024-09-26
,2,Carl,2024-09-23
,10,Amy,2024-09-16
Hotel really needs an update. Room worked for 1 night with 2 smalls kids. Couch cushions were tearing at the seems and chairs had paint peeling. ,6,Bruce,2024-09-15
,6,April,2024-09-15
,10,Takahiro,2024-09-09
It¬¥s ok. Maybe a 7 overall. Need a little maintance ,6,Juan,2024-09-04
"Do not stay here. The whole place is old dinghy and smells of urine. Tiles are loose in the bathroom, wall paper is pealing off, pool is dirty. There are much better places to stay. ",2,Verified traveler,2024-09-03
The room that they gave us has black mold in the bathroom has poop stains on the wall. They did not vacuum the floor. The mini fridge had old milk and food inside of it. ,2,Anthony,2024-09-01
"Room was disgusting. Door to the bathroom, looks like it was chewed up at the bottom by mice. Room had a musty smell. The only good thing about the facility was the actual lobby bar and dining area. Once you leave that area it goes downhill very quick.",4,Joseph,2024-08-26
"This Hotel is in dire need of updates.
It is dirty and disgusting.

The hallways were littered with the free popcorn they give out, and over 2 days it was never cleaned up.

The AC in my room was broken, and remained so after it was supposedly ‚Äúfixed‚Äù by maintenance.

The wallpaper in the bathroom was peeling, the lock on the bathroom door was broken, the carpet in the room was torn, the fabric on the sleeper sofa was torn, the mini fridge‚Äôs door wouldn‚Äôt close, the master bedroom was missing a light bulb in one lamp, and the cover on the ironing board was damaged and wouldn‚Äôt stay on.

To add insult to injury, I was over-charged for the cost of my room that I spent 2 nights enduring.

It should have been $249 (minus taxes) per night. But lo and behold they charged me $301 (minus taxes) per night!

DO NOT EVER, EVER STAY AT THIS HOTEL.

The couple front desk people who I talked to WERE very nice. However, the property itself is trash.

There was nothing they could do to solve my problems except give me a small rotating fan to place in my room, and gift me with an ‚ÄúI‚Äôm Sorry For The Inconvenience‚Äù Bag, containing a Kit Kat bar, a bag of Skittles, and 2 bottles of Coke.

So there you have it:

For $700, I got to sleep in a puddle of my own sweat for 2 nights, in a run-down joke of a ‚ÄúSuite‚Äù, hearing kids run around the hallways at all hours.

I read online that many others have been overcharged, and had an equally terrible experience.",2,Matthew,2024-08-23
Needs major renovations,4,Christine,2024-08-08
,6,Jose,2024-08-06
"Everyone who worked at the hotel was very nice and professional. But the rooms are so outdated. The walls, the bathroom the furniture most is damaged torn.
 Probably would not stay there again.",6,Steven,2024-08-05
"The staff at breakfast was wonderful and took care of everything. The bathroom was moldy and the fan on the bathroom ceiling constantly dripped water, so the bathroom floor is always wet. I do not recommend trying to sleep on the sleeper sofa, super loud and uncomfortable. Also, the pillows are awful. ",6,Verified traveler,2024-08-01
"The most comfortable pillow in bed I‚Äôve ever ever slept in. Worst embassy suites happy hour that I have ever experienced in that I had no idea it was for such a limited time and that the Bar closed after happy hour. No omelette, breakfast breakfast without any warning.",8,Kristin,2024-07-29
"Needs a major overhaul‚Ä¶ our door would not shut, coffee maker broken, just overall dingy‚Ä¶ staff at breakfast was fantastic ",4,Amy,2024-07-28
,10,Rachel,2024-07-27
"This was a so so hotel. The room was clean, the bathtub was very clean. But‚Ä¶ if you‚Äôre looking for a luxury stay, you‚Äôre looking in the wrong place. The best part was the breakfast- made to order omelette and avocado toast, waffles, eggs, potatoes, bacon, pastries, cereal, and yogurt. The kids were in heaven. The worst part was the pool and hot tub. They were both filthy. The hot tub smelled like a dirty dish rag. They also only had one ice machine‚Ä¶ on the second floor! Otherwise, it was a standard hotel stay. ",8,Ashley,2024-07-23
,10,Rito A,2024-07-22
"Et helt ok hotell, selv om jeg har bodd p√• finere Embassy Suites-hoteller tidligere. Et trygt valg.",8,Tore,2024-07-17
Willie the host for happy hour was fantastic!!!! Overall great location. property not up to what I have come to expect as an HGV Owner and Hilton Honors Member. property in need of repairs as shown in pictures.,6,gary,2024-07-16
They don‚Äôt seem to recycle.  They use styrofoam bowls and paper plates for breakfast.  The maid left all the lights on in the room after cleaning and replaced all the towels that were on the racks and used only once.  The shower leaked all over the bathroom floor.,8,Michael,2024-07-14
"Ok,

Good awesome!",6,Ana,2024-07-14
,10,Vincent,2024-07-12
,10,Chris,2024-07-08
Check in was at 4:00pm. We sat there over an hour with all our luggage and room still wasn‚Äôt ready at 4:45pm. This caused a big delay  in our vacation plans. I was infuriated with the room not being ready. I canceled. Booked another hotel and was ready immediately. I am waiting on a refund since this was not our fault they couldn‚Äôt have my room ready in a timely manner at 4:00pm check in ,2,Melissa,2024-07-06
It was nice and had a good breakfast when they were actually stocked with food ,10,Amber,2024-07-06
Property and rooms are in desperate need of updates.  ,6,Vern,2024-07-05
,6,Matthew,2024-07-05
"The hotel was ok, they were confused at checkin because we had two rooms. Was supposed to have a king and one double received two doubles and no other rooms could be issued. The hotel itself was badly in need of a refresh/remodel. Overall it was not bad just not what i have come to experience from an emb suites ",6,Gerald,2024-07-04
"Didn't particularly like that you have to pay extra for parking. Area was good, staff was friendly and the hotel itself was good ",10,Matthew,2024-07-02
Staff was friendly and courteous. ,10,Jaime,2024-06-30
"The room and amenities were fine except for the breakfast.  I arrived at the dining area at 8:05 for a breakfast on a Saturday morning when breakfast was available from 6:30-9:30.  They had no food available for the entire time I was there, over 30 minutes, except for waffles and my family that arrived earlier told me they didn‚Äôt have any food since 7:00 ish.  They had empty food warmers for several breakfast items and an omelette bar that was closed that they advertised prominently.  There were no plates, trash was overflowing, no staff visible, no drinks except for OJ.  I purposely looked for a hotel that had a breakfast so I didn‚Äôt have to go get something in the morning with my 2 kids.  I understand delays happen but no food for 90 minutes or so is unacceptable and will certainly make sure I never stay at another Hilton hotel.  ",2,Verified traveler,2024-06-30
"Room needs to be updated, wear/tear/ahe very visible.  Extremely small restroom.  Breakfast was a disaster.  Waffle mix like water, ran out of machine leaving a crispy piece of over cooked batter. No bacon/eggs/limited potatoes.  Worst Embassy ever (out favorite brand).  Sooo disappointed.  Will not stay here again.  Definately not worth the cost!!  ",6,Johnny L.,2024-06-30
Staff was amazing and welcoming ,10,Danielle,2024-06-28
"I would recommend it for a stay in Flagstaff, but the property shows some wear and tear. It was very convenient for travel, shopping, and dining options. We visited the Grand Canyon from there. Breakfast buffet and evening happy hour were good. ",6,Carla,2024-06-25
,10,Andrew,2024-06-24
Hotel a bit run down for the price. And had a screaming neighbor keep us wake for good part of the night. Thin walls and can also hear street traffic. Breakfast good but otherwise overpriced ,4,casey,2024-06-23
"Our stay was comfortable, breakfast food was delicious, room was average. If your looking for ice, they only have one ice machine that work, out of the whole hotel and it on the 2nd floor. And the working ice machine is by room 212 ",6,Ilaina,2024-06-23
"they dont really have like rollaway bed, they should have it ",6,Romela,2024-06-16
"The property entrance doors front parking lot did not work with hotel key which was inconvenient to walk all the way around to front entrance with luggage. 
The pool pump was broken so there were leafs, debris and bugs everywhere. ",6,Francesca,2024-06-16
,4,Neil,2024-06-16
"Hotel was fine for what I expected. Our room was larger than necessary; LOTS of unused open space. Staff was friendy, breakfast was good (but slow) happy hour bartender was great! 
‚Ä¶ surprised by a parking fee charged to my credit card a day after check out, that wasn‚Äôt disclosed on hotels.com or by the staff at check-in or anything, so heads up! ",6,angus,2024-06-14
I had bedbugs and the employee completely didn't care and was unsympathetic about what was going on I am very disappointed in what happened!,2,jessica,2024-06-11
"What I did not like was there was no soap of any kind in the room - one needs soap to wash their hands, face, body. Fortunately, I am well traveled and always have soap with me but everyone does not have soap with them.",8,Brooke,2024-06-10
,8,Esmeralda,2024-06-09
"The night auditor, Matt, was particularly helpful to me and anyone else who had any needs. He went above and beyond to make sure customers were well taken care of. ",10,Claire,2024-06-08
,4,Jason,2024-06-07
"Great place to stay for our girls' trip to the Grand Canyon! Happy hour and free breakfast with the best coffee and omelets. It was cozy and clean. We had a spacious room on the ground floor. There was plenty of space to spread out, eat in the room and watch tv even if we were on different schedules. Conveniently located close to big box stores, NAU, and cute restaurants.  

We were in Flagstaff in Feb - right after a big snowstorm. My only advice is to avoid the parking spots at the front of the hotel. They were icy in the morning or sitting in big puddles in the late afternoon/evening. They applied salt and sand, but there's only so much they can do with so much snowmelt.",10,Christine,2024-06-05
"The hotel itself is fine, it‚Äôs just not what you‚Äôd expect from an Embassy Suites. The suite was smaller than any room at an Embassy suites I‚Äôve ever stayed at. The ‚Äòbedroom‚Äô was tiny, with 2 double beds instead of queens. The bathroom was outdated, with the door literally chipping off every time you opened it. The staff was fine, but our room wasn‚Äôt serviced. And lastly, breakfast was pretty bad, with no meat options and a broken juice machine on our first morning. They fixed it for the second morning, but the quality of the food was mediocre at best. I would definetly not consider staying here again. ",6,Lorenzo,2024-06-03
"Extremely overpriced for what you get. Rooms were not ready until nearly 6 pm. The hotel had no soap but..the front desk person was wearing half hanging face mask: funny hygiene preferences. The front desk takes 15 min per peson to check in, so incredibly slow. Dark brown rooms with dark brown curtains and a carpet, old and worn out. Extremely overpriced for what u get. Shabby: needs a total make over.",2,I,2024-06-02
Great Staff,10,Rachel or Marlon,2024-06-01
,10,Marcellina,2024-05-24
Great location and love the space and amenities.,10,Shawn,2024-05-09
"Hotel needs to be updated badly. Broken light shades, ripped carpet. Very very dirty furniture. Creeky floors.
Very dark rooms, needs more light. Good cook to order omelets for breakfast! Staff was friendly. ",4,Deborah,2024-04-30
"Very friendly staff! Breakfast was good, omelets were the best. Coffee at breatfast was like tea, make the coffee in your room. ",8,Cindi,2024-04-14
"Not very safe and not clean. Solo female given a ground floor room. They turned the a/c off and expect you to open the windows but didn't have screens on the windows. So if you use the a/c it turns the room into an oven and opening a window to the street by myself isn't safe. It was also late when i realized the state of the and was just planning on sleeping but felt disrespected with the given. Stains on the sofa plus a hole. Carpet torned up, the bathroom not mopped. Plus a sock from the previous person. They took out all the ice machines, so when i realized the refrigerator didn't get my stuff cold I didnt have an option to put ice one it. ",2,Jennifer,2024-04-14
Property was nice and clean staff very friendly. I would highly recommend if going to the Grand Canyon for the weekend.,10,Angela,2024-04-11
Overall fair ,10,randy,2024-04-09
,4,Louie,2024-04-08
"Multiple small complaints that just add up to a crappy night stay.  Toilet seal bad so wet bathroom floor, room temperature cold and heating fan annoyingly loud, garbage and socks under bed, stained comforter, out of coffee at 8 am, surprise charge for parking and outrageous pet fee.  I could go on. Staff, who were pleasant and professional, may have made adjustment to charges but if you book and pay through outside agency such as Expedia they say ‚Äònothing they can do‚Äô.I would steer clear of this hotel and will be booking directly through property from now on",6,Rita,2024-04-07
Great stay!,10,David,2024-04-07
"The room needs a remodel. Floors are dirty. The beds are small. 
The free breakfast was good üëç. 
You have to pay 8.00 a day for parking. üëé
",6,Ruben,2024-04-02
"Old rooms, stains in sofa, courtains and room carpet. 
Not enough towels. 
Room keys didnt work so everytime we need to visit front desk for a new one.
Short of personal at breakfast.",4,Juan C,2024-03-31
Very spacious and clean room. ,10,Kiara,2024-03-31
,10,Christina,2024-03-30
,6,Brandon,2024-03-29
Great location ,8,VERONICA,2024-03-29
Asked for maid service on night 2 that did. It happen. Also had to ask for more towels. ,8,Verified traveler,2024-03-28
Loved having a suite with a bedroom door separating the areas. We had all the amenities we need. ,10,Donna,2024-03-24
Nice location,8,VERONICA,2024-03-24
,4,richard,2024-03-19
"The couch was torn , the pull out bed was absolutely uncomfortable, the hallways were filthy, the food in the morning was not  that good, the elevator was dirty and someone had scratched the walls but the staff were nice. I brought my concern about how unacceptable it was that the couch was ripped and hadn‚Äôt been replaced so that ithe room looked presentable,  the manager knew about it and tried to offer me another room or a discount.if I stayed another night. But I left, only to go to a much better hotel for half the price at Little America Hotel. ",2,Michelle,2024-03-18
,10,Benjamin,2024-03-17
,10,Martin,2024-03-14
"Overall the hotel was great! Super friendly staff, a complimentary happy hour in the evening, and checkin and out process was easy. The reason for 4 stars instead of 5 is that the mattress was just ok, felt old and not very comfy. Also, they apparently don‚Äôt have the hot tub available for use in winter which was a huge disappointment after a day of skiing. Winter seems the obvious time for customers to want to use a hot tub. ",8,Pennie,2024-03-12
"I had never stayed in such a horrible emblasy suites, dirty, smelly, horrible, oh my god, very bad experience, good thing I only booked 1 night ",2,blanca,2024-02-28
"Rooms looked very worn. Carpet was frayed, bathroom looked like it‚Äôs been caulked 20 times and phones didn‚Äôt work in the room. Our room also wasn‚Äôt made up when we were gone all day.",8,Sharmel,2024-02-23
"The Embassy Suites in flag. Is always my go to. You can never go wrong staying here. Free breakfast. So many options. Omelets, eggs, toast, cereal, etc..... Not to mention the bar area. With an amazing bartender. Along with the most helpful front desk representative Maribel...and all the other friendly employees.  I will always recommend this hotel and continue being a customer. ",10,Adam,2024-02-20
"Room was warm
Bed a little stiff",8,Matt,2024-02-19
"The heater in our room did not work and it was 20 degrees outside. When we turned on the heater it was super loud and sounded like a jet plane. We booked a king size bed, and were told upon checkin they over booked the hotel and only had 2 double beds available. Asked for a call from the manager and still have not received a call back.",2,Crystal,2024-02-18
,10,Jessica,2024-02-17
,8,Sonal,2024-02-15
,10,Evelyn,2024-02-14
Excelente hotel,10,ramses,2024-02-13
Pluses - good for families; great location; buffet breakfast. minuses-property a little run down; TV needs special instructions front front desk to watch;  carpet gross brown didn‚Äôt want to walk in bare feet. Our room had ugly tile repair and lamps with power socket but no phone charger would fit. Overall not up to Hilton standards ,6,Steve,2024-02-12
,8,Dittie,2024-02-12
,10,evelyn,2024-02-12
,10,Julia,2024-02-10
"Great comfortable space for families. Nice to have breakfast included (it gets crazy busy and challenging to get food at certain times) and complimentary happy hour. Hotel is older and it shows in the worn carpet, stains on furniture, rusted metal throughout the bathrooms and stains on walls. ",6,Carrie,2024-02-04
room set up was nice,8,Debra,2024-02-01
Bad experience our toilet was clogged couldn't use the restroom upon arrival. Maintnance took forever to go we had to demand someone to clean as toilet overflowed or switch rooms but no other rooms available. Had to wait over an hour for them to go and wipe restroom not do a full cleaning.,4,Adriana,2024-01-30
The stay was nice. If the snacks at happy hour were better that would be great ,8,Nancy,2024-01-28
,10,Jason,2024-01-28
Falta que te limpien habitaci√≥n ,8,Juan luis valdez,2024-01-24
,10,Cesar,2024-01-22
Muy agradable,10,Carolina,2024-01-22
,8,Sepphora,2024-01-07
,10,Richard,2024-01-07
,10,Guadalupe,2024-01-04
"Los cuartos estan en muy malas condiciones, son viejos y estan miy sucios, no se antoja regresar, es la tercera vez que nos hospedamos en ese hotel y no me quedaron ganas de regresar",4,JESUS MIGUEL SOLANO,2024-01-03
"Wasn‚Äôt impressed for being an embassy suites , I‚Äôve stayed at before . Carpet was dirty around hallways and some room furniture was dated and worn . Beds were clean though and comfortable.",6,Adolfo,2023-12-28
,8,Gary,2023-12-27
,6,Elva,2023-12-26
,8,Maria Corazon,2023-12-25
,8,Naveed,2023-12-25
,10,Bectsaida,2023-12-23
,8,PEILIN,2023-12-21
,8,Patricia,2023-12-19
"Its old, carpet was dirty ",2,Verified traveler,2023-12-18
,10,Octavio,2023-12-17
Overall was a good stay and would stay here again. Considering the season in Flag the price was fair. We really enjoyed the breakfast and happy hour. Location is good with access to anything we needed. The room was good for the most part. Kids enjoyed the sofa bed. Only downsides are the king bed wasn't the most comfortable and the air in the room didn't seem to be working right as it stayed pretty warm in the room no matter how low we set the temp. ,8,Jesse,2023-12-17
,10,Susanlee,2023-12-15
"I wanted to start by saying that the staff was amazing. I‚Äôm not even sure how the room we stayed in (137) passed inspection The window opened up to the pool area with no safety measures to keep kids out of the pool area if they were to get out the window. I brought my 2 and 4 year old with us to enjoy the North Pole experience and the first thing my 4 year old wanted to do was open the window. I didn‚Äôt even want to leave the window open since they would have open access to the swimming pool area (which he noticed all in his own. He said ‚ÄúMom, I can get to the pool from our room without having to go outside‚Äù) the other thing that was very unsafe was the security lock/ latch was so low on the door that my 2 year old was able to lock and unlock it on her own. We didn‚Äôt notice she even knew that she could do that until I walked out of the room while my husband was in the room with her and when I came back the latch to the door was locked and she is the one who locked it. While we were in the room we watched her unlock it on her own. This made me worried to have the kids sleep on the pull out couch.  I wouldn‚Äôt consider staying here again with kids due to the lack of safety. These are a few safety measures I would take into consideration before putting another family with young kids in this room. My husband is a first responder and we are very aware of our surroundings given what he deals with on a daily basis. My in laws stayed in a room down the hall with the same window issue. ",10,Courtney,2023-12-11
,8,Jasmine,2023-12-11
,8,Verified traveler,2023-12-10
,2,Verified traveler,2023-12-09
"There was a bucket in the middle of a hallway because of a leak.  Our carpet was worn through in at least two areas.  The heater made a high pitch whine when it was on for more than a few minutes, all thought he night. The tub does not have a no slip surface.",6,Clayton,2023-12-03
"It's pretty old property, the cupboards were lose and hanging from hinges. Coffee table had nails sticking out of its legs. Staff forgot to clean the room after our first day of stay. Had to remind them 

Location is nice, breakfast was very good. Staff were nice ",6,Venkata,2023-11-30
,8,Tomoyuki,2023-11-28
"Had a weird smell,  great location and great breakfast",10,Crystal,2023-11-27
The one problem we had was the climate control.  Two of our rooms were freezing.  The staff provided space heaters which helped but the rooms were still cold.  The other room was too hot to sleep comfortably.  ,8,Annette,2023-11-26
,8,Steve,2023-11-21
,10,Jose,2023-11-20
"I have to say this hotel is one of the best in Flagstaff. Very convenient, clean, staff was friendly.

The only thing was the lack of tables during breakfast, we had to sit in the lobby to eat the two days we stayed. Nothing to do with the hotel, but wish the other guest consider the ones that were standing/waiting for them to finish having their long conversations when they were done eating.

Other than that I would defenetly recomment this hotel to my friends. ",10,Antonio,2023-11-13
We had a nice comfortable stay. We slept well and were ready for the next leg of our trip. ,10,Robin,2023-11-12
The rooms were dirty. The coffee maker had scum and mold in the water reservoir. The heater did not work and ran 24/7.,4,ALYSSA,2023-11-06
"Room 219 was awful, about every 20-30 mins the air would turn on and a loud high pitched noise would come along with it.  Something needs to be fixed ",4,Thomas,2023-11-04
Property is dated.  Service was very average.,6,Joseph,2023-11-03
"Very disappointed.  The room furnishings were old and worn.   No towel racks in the bathroom. Charge $8 to park in Flagstaff???  I guess this pays for the free afternoon drinks. Breakfast was only one step above a continental breakfast, the omelets were flat and overcooked.",4,Judy,2023-10-30
,8,james,2023-10-29
,6,Jay,2023-10-28
,10,Mark,2023-10-14
Embassy suites never disappoints.. love staying here ,10,Cesar,2023-10-10
,4,Johansen,2023-10-09
,8,Claudia,2023-10-09
"First... the staff was good. They were attentive and helpful to the extent that we dealt with them. No complaints about that.

The overall property, and especially the room was old and worn out. There was a drill like noise that occurred randomly throughout the night, and it felt like every door slammed shut. For an Embassy Suites, it was pretty sub-standard from my experience. I doubt I would stay at this location again. It's not the worst hotel I've ever stayed at, but for the price and brand, disappointing.",6,Rebecca,2023-10-08
The hotel was great except the air conditioner made a loud noise when it was running.  Made it hard to sleep.  ,8,TOMMY,2023-10-01
"Knew something was not right when we checked in the front desk was friendly but eating her Taco Bell dinner at counter. Not sure that is very clean as have to use your hands to eat that food. Then getting to room curtains torn, windows not working, missing screen. Furniture worn, old and dirty. Shower grout rusty, and a child‚Äôs toilet. Have stayed at Embassy suites before and always trusted the hotels, but now not sure I ever will.",6,Debra,2023-09-24
Pleasant and enjoyable ,8,Zbigniew,2023-09-18
Great location and next to the University. Lots of restaurants and shops nearby.  The only complaint is the hotel is very old and the rooms need DEFINITE updating.  We were afraid to sit on the couch as there were some questionable stains. ,8,Jerry,2023-09-15
"The overall experience was great . The staff were all wonderful and friendly . The room was comfortable, the breakfast delicious , the hotel is old and in need of some TLC and updates , but we will stay again . Off a busy street but if you are up yo it the walk to old town is about 20 minutes with plenty on shopping and eateries . the entire staff were exceptional",10,ANN,2023-09-09
,6,Noelle,2023-09-08
Cozy and clean ,10,Angelo,2023-09-03
There are too many hidden fees like for parking and early check in. Expedia sent me too many emails.0,8,lucinda,2023-08-27
,10,Sophia,2023-08-26
I was very disappointed with the condition of the hotel. Really old outdated facility. Toilet was made for a young child. Beds were uncomfortable and small. Coffee service in room was a joke. Also you should let your customers know you're going to charge them $8.00 a day to stay on your own property. What a joke. ,4,Laura,2023-08-26
,8,Susanlee,2023-08-26
"The property is overdue to be refurbished. Maintenance issues, worn furnishings, bed, etc. The building is showing its age and is not at the level I expect from an Embassy suites. It‚Äôs like a fairly nice LaQuinta right now. ",4,Barry,2023-08-20
"The room was nice, and roomy. I didn‚Äôt realize these are suites. So very nice to have the separate living room. I will be back. ",10,Donna,2023-08-12
"OK hotel, nothing special. Need some general maintaince. Lounge/bar closed early, no inhouse eating.",8,John,2023-08-12
I loved our stay! It was wonderful having full breakfast choices and the staff was all amazing. ,10,Kimberly,2023-08-08
,8,Joel,2023-08-08
,2,Craig,2023-08-06
Daily room cleaning was not done and had to ask for fresh towels..,6,Ariel,2023-08-06
"The staff at the property were very friendly, check in was easy and parking was convenient.  Unfortunately, the hotel room was very run down.  The chairs had large stains (think bigger than an orange) and very old, faded upholstery.   The bedroom door was too large to closem",4,Susan,2023-08-02
"Property is run down. Our A/C made a loud ringing noise about every 15 minutes. Were  told new unit being broken in (?)
 Definitely not up to Embassy Suites standards. Staff was always helpful and easy to work with. ",4,Richard,2023-08-01
Nice room setup with plenty of space.  Could benefit from an additional lamp in the bedroom on the desk though.  Yummy breakfast.  Very pleasant staff interactions.  Ample parking.,10,Joy,2023-08-01
,2,Verified traveler,2023-08-01
,8,Rebecca,2023-07-24
"Good overall. Decent breakfast and happy hour, but worst vodka I‚Äôve EVER had. Premium room is a bit of a scam for a $6 bag of snacks. In room AC makes a weird compressor sound about every 15mins. Front desk said they know about it and have been told by the contractors that did the install it‚Äôs ‚Äúnormal and should last about a year.‚Äù Weird. Good location. Parking should be free.",8,r,2023-07-21
"totally good, there was no problem",10,Kazuaki,2023-07-16
"Overall the room was on par with what I expect from a hotel in Flagstaff. The rooms could use some modernization, maybe remodeling. My biggest conplaint is the condition of the floors, they were very dirty.",8,DAVID,2023-07-13
"Front Desk check in Matt i believe his name was great and helpful.  Rooms AC did not work very well on the 3rd floor and we arrived too late to try and switch rooms.  Screens on the windows were in bad shape and need to be replaced.  Breakfast was nice.  Outside traffic noise was very loud all night so made it hard to get a good nights rest.  Digital keys did not work on outside doors, only the rooms so that was inconvenient. Hotel was clean but we didnt have a very good stay. ",4,Christopher,2023-07-11
"The beds are extremely uncomfortable because of the springs. The room was so small as well as the bathroom. The free breakfast is something to be served in boot camp or jail. Overall, the hotel is clean and staff is friendly. ",6,Rhiannon,2023-07-09
,8,Mark,2023-07-06
,8,William,2023-07-05
Needs major remodel,6,Milos,2023-07-04
"The lobby and dining area was extremely hot because they had a fire in the fireplace in July. Even when I asked the manager to turn it off - the fire stayed on.
The AC unit in the bedroom kept squeaking and squealing the whole time we were there. Outside pool is small.
Breakfast is okay. Not great.",6,Lane,2023-07-04
,8,April,2023-07-03
,10,Consuelo,2023-07-01
,10,chris,2023-07-01
The hotel was ok but by far one of the least quality embassy‚Äôs we have stayed at. The wallpaper in the bathroom was peeling away and it wasn‚Äôt very clean. The staff were not very inviting and just seemed to not want to be there. The couch cushions were ripped and the room just didn‚Äôt seem well maintained. ,6,Misty,2023-06-27
The staff was awesome and the bartender for happy hour was amazing. The elevators were gross and the third floor smelt like someone got sick on the carpets. The breakfast was great and offered a lot of options. For almost $500 a night I would expect it a lot cleaner. The two bedroom room was fine but the couches are worn and the water had a funky smell. ,8,Jeremy,2023-06-26
,10,Genevieve,2023-06-06
This hotel is so run down and is in major need of renovations. It‚Äôs old and chairs and carpet dirty. Window sheers torn/worn just a big waste of money. ,2,Scott,2023-06-06
,8,Pat,2023-06-05
,4,Allison,2023-05-28
,10,Elisabeth,2023-05-27
,4,Stephen,2023-05-25
"It was very nice to have a hot freshly cooked omelet for breakfast. 

All the staff at the hotel were pleasant and helpful",10,Mindy B.,2023-05-23
,10,Meredith,2023-05-22
,10,Moises,2023-05-16
,10,Ian,2023-05-15
My room wasn‚Äôt available. Somebody else was checked in. It took over 30 minutes to figure out the issue. ,2,raju,2023-05-12
,10,Verified traveler,2023-05-07
,8,Nathaniel,2023-05-03
,8,Roberto,2023-05-01
,10,DonavaN,2023-05-01
Made to order omelettes on the breakfast menu were included! Two free drinks and snacks every evening. Very clean facility and nicely located in Flagstaff!,10,Sheryl,2023-04-27
Third time staying here. Always good.,10,Pat,2023-04-25
Breakfast was okay but the room was very comfy ,10,Nicole,2023-04-14
"The property needs a facelift. Old, tired, beat up are three words that come to mind. The service and breakfast were great. ",6,michael,2023-04-14
Very welcoming ,10,Martin,2023-04-07
,10,Stewart,2023-04-06
"I was disappointed in this property, due to a couple of things - the ice machines were broken.  The night manager called my room at 11:30 at night just to make sure I checked into both rooms I reserved.  I felt that conversation could have left for the morning.  In the morning the sidewalks were not shoveled, and it was slippery, anyone could have fallen.  ",4,Carrie,2023-04-05
,6,Lou,2023-04-01
Maybe more bar hours and better snacks for happy hour ,8,Carolyn,2023-03-29
,8,Juan C.,2023-03-28
,8,Aura,2023-03-27
,2,Shelby,2023-03-27
,8,Rick,2023-03-26
,8,Deanna,2023-03-25
,10,Jeff,2023-03-24
I had problems with sink. The sink was clogged. ,8,Nicolas,2023-03-21
"This Embassy Suites has rooms that are a little dated. The rooms are clean but old looking. It was impossible for our son who uses a wheelchair to navigate the breakfast area. Tables are too close to the food and wheelchair users cannot get through to all the stations. We helped him get food and then he had to eat in the room as there were no tables that he could get to, ",6,Kristin,2023-03-20
"Back door was not working, had to walk in the rain sexeral times.",10,kathleen,2023-03-19
Good location. Clean. Only con was the beds weren‚Äôt very comfortable ,8,Verified traveler,2023-03-18
,8,Corey,2023-03-17
,8,Jay,2023-03-11
,10,Katharine,2023-02-27
Very friendly stuff very clean and cozy ,10,Peter,2023-02-23
,10,Keleen,2023-02-18
,4,alicia,2023-02-17
"I've stayed in lots of Embassy Suites.  I was very disappointed with the quality and clenliness of the room.  The furniture was worn and dirty.  The carpet was frayed in several places. The thermostat didn't do anything to change the temperature of the room (my son and I slept in jeans, socks and sweatshirts and were still cold all night).",4,Todd,2023-02-17
,10,Katrina,2023-02-13
"I seldom give feedback on a hotel stay.  I thought that Embassy Suites by Hilton would be an upscale experience.  There were a few glaring deficiencies. First, reception sent us to a room that was not made up, next they sent us to an occupied room. Finally, we arrived at our room.  It was semi clean. The best part was the hot water (they get a plus for that). The outlet in the bathroom sink did not work and resisted being reset. Downstairs on the first floor there were signs directing people to 1) the pool (this led to the parking lot) and 2) to the lobby (an almost 180-degree direction away from the lobby).  The bed was lumpy but there were enough blankets (it was in the single digits during the nights).  The website on Expedia indicates there is a restaurant (one of the reasons we chose this place). There was no restaurant but there was an adequate breakfast, and you could order at the grill for things such as omelets. There was a happy hour that we did not participate in but appeared to be well attended. Overall, the room and facility felt like it had seen better days.  Hilton would do well to put money and training into this site.  ",4,Robert,2023-01-27
Nice size room.,10,george,2023-01-23
"Room was shabby. Really dirty furniture, stains on carpet, rips in bathroom wallpaper, chips in paint on bathroom door.",4,Margot,2023-01-22
"Nice, cozy hotel close to everything",10,Marcial,2023-01-22
"Our room was on the first floor, floor was very cold, and in bathroom. I think the $8.00 to park is a rip off, snow took up many spots!! ",6,David,2023-01-21
,6,Olga,2023-01-17
,6,Jeffrey,2023-01-17
,10,hugo,2023-01-17
"Loved the breakfast, room was clean and in good shape (was thrown off by some negative reviews)",10,Alexander,2023-01-16
,6,Olga,2023-01-16
,4,Martin,2023-01-14
"Very dated, charging for parking now is ridiculous, there is a lot surrounding the property‚Ä¶",6,Brett,2023-01-14
,2,Mike,2023-01-09
,10,Michael,2023-01-09
,4,Cheryl,2023-01-08
I liked the bartender Willy and the fact that the staff was very sorry for the property being in a state of disrepair. Everything that could be broken was. The Hot tub was a hot pool of scum.,6,Michaela,2023-01-08
Great Location! Close to NAU.,10,Melissa,2023-01-07
,10,Andrea,2023-01-04
,10,Tiffany,2023-01-03
,10,Ana D,2023-01-03
The property needs to be remodeled. It smelled like mold in bathroom. The back door entry handle is broken. Its too expensive per night for condition of property.,2,Mirsada,2023-01-02
,10,Dora,2023-01-02
"Very dirty, worst I‚Äôve  ever been in. room wasn‚Äôt really as described for the amount of money being charged. 
Would not return, I‚Äôve stayed in a lot cheaper rooms that were more clean and spacious. ",2,MICHAEL,2023-01-02
